Time,Day,Skelton Stage,Skelton Flow,Viking Stage,Viking Flow
30/10/2000 01:15,0.052083333,4.437,252,3.253992,251
30/10/2000 01:30,0.0625,4.452,253,3.2565156,251
30/10/2000 01:45,0.072916667,4.458,253,3.262404,252
30/10/2000 02:00,0.083333333,4.458,253,3.2691336,252
30/10/2000 02:15,0.09375,4.461,254,3.2724984,253
30/10/2000 02:30,0.104166667,4.465,254,3.2767044,252
30/10/2000 02:45,0.114583333,4.474,254,3.2893224,253
30/10/2000 03:00,0.125,4.477,255,3.2943696,253
30/10/2000 03:15,0.135416667,4.484,255,3.2943696,253
30/10/2000 03:30,0.145833333,4.488,255,3.2968932,254
30/10/2000 03:45,0.15625,4.507,255,3.300258,254
30/10/2000 04:00,0.166666667,4.507,255,3.3078288,254
30/10/2000 04:15,0.177083333,4.511,256,3.3103524,255
30/10/2000 04:30,0.1875,4.515,256,3.3162408,255
30/10/2000 04:45,0.197916667,4.523,257,3.3196056,255
30/10/2000 05:00,0.208333333,4.529,258,3.3355884,255
30/10/2000 05:15,0.21875,4.539,259,3.3355884,255
30/10/2000 05:30,0.229166667,4.552,258,3.3389532,256
30/10/2000 05:45,0.239583333,4.559,259,3.342318,256
30/10/2000 06:00,0.25,4.563,260,3.3490476,257
30/10/2000 06:15,0.260416667,4.573,260,3.3540948,258
30/10/2000 06:30,0.270833333,4.58,260,3.3625068,259
30/10/2000 06:45,0.28125,4.589,261,3.3734424,258
30/10/2000 07:00,0.291666667,4.606,262,3.3793308,259
30/10/2000 07:15,0.302083333,4.609,263,3.3826956,260
30/10/2000 07:30,0.3125,4.616,264,3.3911076,260
30/10/2000 07:45,0.322916667,4.626,265,3.396996,260
30/10/2000 08:00,0.333333333,4.632,265,3.4045668,261
30/10/2000 08:15,0.34375,4.654,267,3.4188672,262
30/10/2000 08:30,0.354166667,4.663,268,3.4213908,263
30/10/2000 08:45,0.364583333,4.68,270,3.4272792,264
30/10/2000 09:00,0.375,4.696,271,3.4356912,265
30/10/2000 09:15,0.385416667,4.709,271,3.4407384,265
30/10/2000 09:30,0.395833333,4.721,266,3.4592448,267
30/10/2000 09:45,0.40625,4.733,268,3.4668156,268
30/10/2000 10:00,0.416666667,4.746,273,3.481116,270
30/10/2000 10:15,0.427083333,4.76,274,3.4945752,271
30/10/2000 10:30,0.4375,4.77,275,3.5055108,271
30/10/2000 10:45,0.447916667,4.781,276,3.5156052,266
30/10/2000 11:00,0.458333333,4.797,277,3.5256996,268
30/10/2000 11:15,0.46875,4.809,278,3.5366352,273
30/10/2000 11:30,0.479166667,4.821,280,3.548412,274
30/10/2000 11:45,0.489583333,4.827,282,3.556824,275
30/10/2000 12:00,0.5,4.843,284,3.5660772,276
30/10/2000 12:15,0.510416667,4.861,286,3.5795364,277
30/10/2000 12:30,0.520833333,4.872,289,3.5896308,278
30/10/2000 12:45,0.53125,4.883,290,3.5997252,280
30/10/2000 13:00,0.541666667,4.903,292,3.6047724,282
30/10/2000 13:15,0.552083333,4.914,295,3.6182316,284
30/10/2000 13:30,0.5625,4.926,297,3.6333732,286
30/10/2000 13:45,0.572916667,4.942,298,3.6426264,289
30/10/2000 14:00,0.583333333,4.963,300,3.6518796,290
30/10/2000 14:15,0.59375,4.965,302,3.6687036,292
30/10/2000 14:30,0.604166667,4.979,303,3.6779568,295
30/10/2000 14:45,0.614583333,4.987,306,3.6880512,297
30/10/2000 15:00,0.625,5.004,309,3.7015104,298
30/10/2000 15:15,0.635416667,5.013,311,3.7191756,300
30/10/2000 15:30,0.645833333,5.019,312,3.720858,302
30/10/2000 15:45,0.65625,5.026,312,3.7326348,303
30/10/2000 16:00,0.666666667,5.039,312,3.7393644,306
30/10/2000 16:15,0.677083333,5.055,313,3.7536648,309
30/10/2000 16:30,0.6875,5.065,314,3.7612356,311
30/10/2000 16:45,0.697916667,5.066,314,3.7662828,312
30/10/2000 17:00,0.708333333,5.075,312,3.7721712,312
30/10/2000 17:15,0.71875,5.094,312,3.7831068,312
30/10/2000 17:30,0.729166667,5.11,311,3.796566,313
30/10/2000 17:45,0.739583333,5.111,310,3.804978,314
30/10/2000 18:00,0.75,5.121,310,3.8058192,314
30/10/2000 18:15,0.760416667,5.131,310,3.81339,312
30/10/2000 18:30,0.770833333,5.141,311,3.8293728,312
30/10/2000 18:45,0.78125,5.148,313,3.842832,311
30/10/2000 19:00,0.791666667,5.162,312,3.8436732,310
30/10/2000 19:15,0.802083333,5.164,312,3.8520852,310
30/10/2000 19:30,0.8125,5.172,311,3.8604972,310
30/10/2000 19:45,0.822916667,5.178,310,3.8689092,311
30/10/2000 20:00,0.833333333,5.187,311,3.8747976,313
30/10/2000 20:15,0.84375,5.201,311,3.8865744,312
30/10/2000 20:30,0.854166667,5.21,313,3.8882568,312
30/10/2000 20:45,0.864583333,5.211,314,3.8949864,311
30/10/2000 21:00,0.875,5.222,317,3.9000336,310
30/10/2000 21:15,0.885416667,5.234,321,3.9076044,311
30/10/2000 21:30,0.895833333,5.242,323,3.9193812,311
30/10/2000 21:45,0.90625,5.257,324,3.926952,313
30/10/2000 22:00,0.916666667,5.267,325,3.9277932,314
30/10/2000 22:15,0.927083333,5.273,325,3.9370464,317
30/10/2000 22:30,0.9375,5.276,326,3.9471408,321
30/10/2000 22:45,0.947916667,5.295,327,3.9538704,323
30/10/2000 23:00,0.958333333,5.312,330,3.9664884,324
30/10/2000 23:15,0.96875,5.324,333,3.9749004,325
30/10/2000 23:30,0.979166667,5.334,335,3.9799476,325
30/10/2000 23:45,0.989583333,5.362,335,3.9824712,326
31/10/2000 00:00,1,5.365,336,3.998454,327
31/10/2000 00:15,1.010416667,5.378,337,4.0127544,330
31/10/2000 00:30,1.020833333,5.386,337,4.0228488,333
31/10/2000 00:45,1.03125,5.404,338,4.0312608,335
31/10/2000 01:00,1.041666667,5.419,343,4.0548144,335
31/10/2000 01:15,1.052083333,5.436,346,4.057338,336
31/10/2000 01:30,1.0625,5.458,350,4.0682736,337
31/10/2000 01:45,1.072916667,5.468,351,4.0750032,337
31/10/2000 02:00,1.083333333,5.489,356,4.0901448,338
31/10/2000 02:15,1.09375,5.511,360,4.1027628,343
31/10/2000 02:30,1.104166667,5.522,361,4.1170632,346
31/10/2000 02:45,1.114583333,5.545,364,4.1355696,350
31/10/2000 03:00,1.125,5.567,367,4.1439816,351
31/10/2000 03:15,1.135416667,5.575,370,4.1616468,356
31/10/2000 03:30,1.145833333,5.601,373,4.1801532,360
31/10/2000 03:45,1.15625,5.618,375,4.1894064,361
31/10/2000 04:00,1.166666667,5.634,378,4.208754,364
31/10/2000 04:15,1.177083333,5.655,381,4.2272604,367
31/10/2000 04:30,1.1875,5.672,382,4.23399,370
31/10/2000 04:45,1.197916667,5.698,384,4.2558612,373
31/10/2000 05:00,1.208333333,5.717,387,4.2701616,375
31/10/2000 05:15,1.21875,5.739,388,4.2836208,378
31/10/2000 05:30,1.229166667,5.764,390,4.301286,381
31/10/2000 05:45,1.239583333,5.778,392,4.3155864,382
31/10/2000 06:00,1.25,5.804,393,4.3374576,384
31/10/2000 06:15,1.260416667,5.818,397,4.3534404,387
31/10/2000 06:30,1.270833333,5.839,400,4.3719468,388
31/10/2000 06:45,1.28125,5.865,401,4.3929768,390
31/10/2000 07:00,1.291666667,5.876,402,4.4047536,392
31/10/2000 07:15,1.302083333,5.901,406,4.4266248,393
31/10/2000 07:30,1.3125,5.917,407,4.4384016,397
31/10/2000 07:45,1.322916667,5.929,409,4.4560668,400
31/10/2000 08:00,1.333333333,5.966,409,4.477938,401
31/10/2000 08:15,1.34375,5.966,411,4.4871912,402
31/10/2000 08:30,1.354166667,5.977,414,4.5082212,406
31/10/2000 08:45,1.364583333,5.999,415,4.5216804,407
31/10/2000 09:00,1.375,6.017,417,4.5317748,409
31/10/2000 09:15,1.385416667,6.02,417,4.5628992,409
31/10/2000 09:30,1.395833333,6.034,420,4.5628992,411
31/10/2000 09:45,1.40625,6.06,422,4.5721524,414
31/10/2000 10:00,1.416666667,6.066,424,4.5906588,415
31/10/2000 10:15,1.427083333,6.064,425,4.6058004,417
31/10/2000 10:30,1.4375,6.077,427,4.608324,417
31/10/2000 10:45,1.447916667,6.1,430,4.6201008,420
31/10/2000 11:00,1.458333333,6.116,433,4.641972,422
31/10/2000 11:15,1.46875,6.116,434,4.6470192,424
31/10/2000 11:30,1.479166667,6.118,436,4.6453368,425
31/10/2000 11:45,1.489583333,6.125,438,4.6562724,427
31/10/2000 12:00,1.5,6.134,439,4.67562,430
31/10/2000 12:15,1.510416667,6.137,443,4.6890792,433
31/10/2000 12:30,1.520833333,6.156,445,4.6890792,434
31/10/2000 12:45,1.53125,6.162,444,4.6907616,436
31/10/2000 13:00,1.541666667,6.162,447,4.69665,438
31/10/2000 13:15,1.552083333,6.162,448,4.7042208,439
31/10/2000 13:30,1.5625,6.162,448,4.7067444,443
31/10/2000 13:45,1.572916667,6.165,450,4.7227272,445
31/10/2000 14:00,1.583333333,6.172,450,4.7277744,444
31/10/2000 14:15,1.59375,6.174,452,4.7277744,447
31/10/2000 14:30,1.604166667,6.179,454,4.7277744,448
31/10/2000 14:45,1.614583333,6.179,457,4.7277744,448
31/10/2000 15:00,1.625,6.181,456,4.730298,450
31/10/2000 15:15,1.635416667,6.184,456,4.7361864,450
31/10/2000 15:30,1.645833333,6.183,459,4.7378688,452
31/10/2000 15:45,1.65625,6.183,461,4.7420748,454
31/10/2000 16:00,1.666666667,6.183,463,4.7420748,457
31/10/2000 16:15,1.677083333,6.202,463,4.7437572,456
31/10/2000 16:30,1.6875,6.209,464,4.7462808,456
31/10/2000 16:45,1.697916667,6.214,464,4.7454396,459
31/10/2000 17:00,1.708333333,6.214,465,4.7454396,461
31/10/2000 17:15,1.71875,6.214,465,4.7454396,463
31/10/2000 17:30,1.729166667,6.214,464,4.7614224,463
31/10/2000 17:45,1.739583333,6.214,465,4.7673108,464
31/10/2000 18:00,1.75,6.214,464,4.7715168,464
31/10/2000 18:15,1.760416667,6.214,467,4.7715168,465
31/10/2000 18:30,1.770833333,6.214,469,4.7715168,465
31/10/2000 18:45,1.78125,6.214,468,4.7715168,464
31/10/2000 19:00,1.791666667,6.214,467,4.7715168,465
31/10/2000 19:15,1.802083333,6.214,471,4.7715168,464
31/10/2000 19:30,1.8125,6.217,472,4.7715168,467
31/10/2000 19:45,1.822916667,6.218,473,4.7715168,469
31/10/2000 20:00,1.833333333,6.212,473,4.7715168,468
31/10/2000 20:15,1.84375,6.212,475,4.7715168,467
31/10/2000 20:30,1.854166667,6.214,479,4.7715168,471
31/10/2000 20:45,1.864583333,6.233,478,4.7740404,472
31/10/2000 21:00,1.875,6.233,481,4.7748816,473
31/10/2000 21:15,1.885416667,6.233,484,4.7698344,473
31/10/2000 21:30,1.895833333,6.233,484,4.7698344,475
31/10/2000 21:45,1.90625,6.251,480,4.7715168,479
31/10/2000 22:00,1.916666667,6.267,473,4.7874996,478
31/10/2000 22:15,1.927083333,6.281,469,4.7874996,481
31/10/2000 22:30,1.9375,6.315,467,4.7874996,484
31/10/2000 22:45,1.947916667,6.315,468,4.7874996,484
31/10/2000 23:00,1.958333333,6.319,467,4.8026412,480
31/10/2000 23:15,1.96875,6.321,464,4.8161004,473
31/10/2000 23:30,1.979166667,6.335,463,4.8278772,469
31/10/2000 23:45,1.989583333,6.355,464,4.856478,467
01/11/2000 00:00,2,6.363,466,4.856478,468
01/11/2000 00:15,2.010416667,6.363,464,4.8598428,467
01/11/2000 00:30,2.020833333,6.363,464,4.8615252,464
01/11/2000 00:45,2.03125,6.363,460,4.873302,463
01/11/2000 01:00,2.041666667,6.366,458,4.890126,464
01/11/2000 01:15,2.052083333,6.37,461,4.8968556,466
01/11/2000 01:30,2.0625,6.37,459,4.8968556,464
01/11/2000 01:45,2.072916667,6.37,457,4.8968556,464
01/11/2000 02:00,2.083333333,6.368,458,4.8968556,460
01/11/2000 02:15,2.09375,6.368,456,4.8993792,458
01/11/2000 02:30,2.104166667,6.376,458,4.902744,461
01/11/2000 02:45,2.114583333,6.366,458,4.902744,459
01/11/2000 03:00,2.125,6.366,458,4.902744,457
01/11/2000 03:15,2.135416667,6.366,457,4.9010616,458
01/11/2000 03:30,2.145833333,6.366,457,4.9010616,456
01/11/2000 03:45,2.15625,6.387,455,4.9077912,458
01/11/2000 04:00,2.166666667,6.387,456,4.8993792,458
01/11/2000 04:15,2.177083333,6.38,457,4.8993792,458
01/11/2000 04:30,2.1875,6.383,456,4.8993792,457
01/11/2000 04:45,2.197916667,6.384,452,4.8993792,457
01/11/2000 05:00,2.208333333,6.378,454,4.9170444,455
01/11/2000 05:15,2.21875,6.379,454,4.9170444,456
01/11/2000 05:30,2.229166667,6.377,453,4.911156,457
01/11/2000 05:45,2.239583333,6.379,452,4.9136796,456
01/11/2000 06:00,2.25,6.38,452,4.9145208,452
01/11/2000 06:15,2.260416667,6.377,450,4.9094736,454
01/11/2000 06:30,2.270833333,6.374,448,4.9103148,454
01/11/2000 06:45,2.28125,6.373,447,4.9086324,453
01/11/2000 07:00,2.291666667,6.375,447,4.9103148,452
01/11/2000 07:15,2.302083333,6.369,449,4.911156,452
01/11/2000 07:30,2.3125,6.365,446,4.9086324,450
01/11/2000 07:45,2.322916667,6.364,446,4.9061088,448
01/11/2000 08:00,2.333333333,6.361,445,4.9052676,447
01/11/2000 08:15,2.34375,6.364,448,4.90695,447
01/11/2000 08:30,2.354166667,6.365,447,4.9019028,449
01/11/2000 08:45,2.364583333,6.36,444,4.898538,446
01/11/2000 09:00,2.375,6.356,442,4.8976968,446
01/11/2000 09:15,2.385416667,6.348,439,4.8951732,445
01/11/2000 09:30,2.395833333,6.349,440,4.8976968,448
01/11/2000 09:45,2.40625,6.347,439,4.898538,447
01/11/2000 10:00,2.416666667,6.34,438,4.894332,444
01/11/2000 10:15,2.427083333,6.338,439,4.8909672,442
01/11/2000 10:30,2.4375,6.334,436,4.8842376,439
01/11/2000 10:45,2.447916667,6.333,436,4.8850788,440
01/11/2000 11:00,2.458333333,6.33,437,4.8833964,439
01/11/2000 11:15,2.46875,6.325,435,4.877508,438
01/11/2000 11:30,2.479166667,6.323,433,4.8758256,439
01/11/2000 11:45,2.489583333,6.321,432,4.8724608,436
01/11/2000 12:00,2.5,6.318,433,4.8716196,436
01/11/2000 12:15,2.510416667,6.317,432,4.869096,437
01/11/2000 12:30,2.520833333,6.317,432,4.86489,435
01/11/2000 12:45,2.53125,6.312,433,4.8632076,433
01/11/2000 13:00,2.541666667,6.309,433,4.8615252,432
01/11/2000 13:15,2.552083333,6.307,431,4.8590016,433
01/11/2000 13:30,2.5625,6.304,429,4.8581604,432
01/11/2000 13:45,2.572916667,6.303,430,4.8581604,432
01/11/2000 14:00,2.583333333,6.306,432,4.8539544,433
01/11/2000 14:15,2.59375,6.302,431,4.8514308,433
01/11/2000 14:30,2.604166667,6.303,429,4.8497484,431
01/11/2000 14:45,2.614583333,6.298,430,4.8472248,429
01/11/2000 15:00,2.625,6.298,428,4.8463836,430
01/11/2000 15:15,2.635416667,6.298,429,4.8489072,432
01/11/2000 15:30,2.645833333,6.293,428,4.8455424,431
01/11/2000 15:45,2.65625,6.294,430,4.8463836,429
01/11/2000 16:00,2.666666667,6.29,429,4.8421776,430
01/11/2000 16:15,2.677083333,6.29,431,4.8421776,428
01/11/2000 16:30,2.6875,6.286,427,4.8421776,429
01/11/2000 16:45,2.697916667,6.285,430,4.8379716,428
01/11/2000 17:00,2.708333333,6.283,429,4.8388128,430
01/11/2000 17:15,2.71875,6.287,429,4.835448,429
01/11/2000 17:30,2.729166667,6.283,428,4.835448,431
01/11/2000 17:45,2.739583333,6.284,429,4.8320832,427
01/11/2000 18:00,2.75,6.279,429,4.831242,430
01/11/2000 18:15,2.760416667,6.275,429,4.8295596,429
01/11/2000 18:30,2.770833333,6.275,430,4.8329244,429
01/11/2000 18:45,2.78125,6.279,428,4.8295596,428
01/11/2000 19:00,2.791666667,6.276,431,4.8304008,429
01/11/2000 19:15,2.802083333,6.273,430,4.8261948,429
01/11/2000 19:30,2.8125,6.273,430,4.82283,429
01/11/2000 19:45,2.822916667,6.273,431,4.82283,430
01/11/2000 20:00,2.833333333,6.273,430,4.8261948,428
01/11/2000 20:15,2.84375,6.273,431,4.8236712,431
01/11/2000 20:30,2.854166667,6.273,430,4.8211476,430
01/11/2000 20:45,2.864583333,6.277,431,4.8211476,430
01/11/2000 21:00,2.875,6.286,434,4.8211476,431
01/11/2000 21:15,2.885416667,6.282,433,4.8211476,430
01/11/2000 21:30,2.895833333,6.288,433,4.8211476,431
01/11/2000 21:45,2.90625,6.286,431,4.8211476,430
01/11/2000 22:00,2.916666667,6.287,436,4.8245124,431
01/11/2000 22:15,2.927083333,6.288,437,4.8320832,434
01/11/2000 22:30,2.9375,6.291,436,4.8287184,433
01/11/2000 22:45,2.947916667,6.287,436,4.8337656,433
01/11/2000 23:00,2.958333333,6.29,439,4.8320832,431
01/11/2000 23:15,2.96875,6.29,437,4.8329244,436
01/11/2000 23:30,2.979166667,6.293,438,4.8337656,437
01/11/2000 23:45,2.989583333,6.297,439,4.8362892,436
02/11/2000 00:00,3,6.297,438,4.8329244,436
02/11/2000 00:15,3.010416667,6.301,439,4.835448,439
02/11/2000 00:30,3.020833333,6.297,441,4.835448,437
02/11/2000 00:45,3.03125,6.307,441,4.8379716,438
02/11/2000 01:00,3.041666667,6.312,442,4.8413364,439
02/11/2000 01:15,3.052083333,6.311,444,4.8413364,438
02/11/2000 01:30,3.0625,6.316,444,4.8447012,439
02/11/2000 01:45,3.072916667,6.321,444,4.8413364,441
02/11/2000 02:00,3.083333333,6.321,444,4.8497484,441
02/11/2000 02:15,3.09375,6.322,446,4.8539544,442
02/11/2000 02:30,3.104166667,6.327,445,4.8531132,444
02/11/2000 02:45,3.114583333,6.329,448,4.8573192,444
02/11/2000 03:00,3.125,6.334,448,4.8615252,444
02/11/2000 03:15,3.135416667,6.334,448,4.8615252,444
02/11/2000 03:30,3.145833333,6.334,449,4.8623664,446
02/11/2000 03:45,3.15625,6.339,447,4.8665724,445
02/11/2000 04:00,3.166666667,6.339,449,4.8682548,448
02/11/2000 04:15,3.177083333,6.338,450,4.8724608,448
02/11/2000 04:30,3.1875,6.345,450,4.8724608,448
02/11/2000 04:45,3.197916667,6.349,452,4.8724608,449
02/11/2000 05:00,3.208333333,6.351,452,4.8766668,447
02/11/2000 05:15,3.21875,6.352,451,4.8766668,449
02/11/2000 05:30,3.229166667,6.349,451,4.8758256,450
02/11/2000 05:45,3.239583333,6.349,452,4.881714,450
02/11/2000 06:00,3.25,6.349,456,4.8850788,452
02/11/2000 06:15,3.260416667,6.355,456,4.8867612,452
02/11/2000 06:30,3.270833333,6.365,452,4.8876024,451
02/11/2000 06:45,3.28125,6.364,454,4.8850788,451
02/11/2000 07:00,3.291666667,6.366,451,4.8850788,452
02/11/2000 07:15,3.302083333,6.365,454,4.8850788,456
02/11/2000 07:30,3.3125,6.372,454,4.890126,456
02/11/2000 07:45,3.322916667,6.372,453,4.898538,452
02/11/2000 08:00,3.333333333,6.37,454,4.8976968,454
02/11/2000 08:15,3.34375,6.377,452,4.8993792,451
02/11/2000 08:30,3.354166667,6.369,452,4.898538,454
02/11/2000 08:45,3.364583333,6.371,452,4.9044264,454
02/11/2000 09:00,3.375,6.373,452,4.9044264,453
02/11/2000 09:15,3.385416667,6.369,451,4.902744,454
02/11/2000 09:30,3.395833333,6.374,453,4.9086324,452
02/11/2000 09:45,3.40625,6.374,452,4.9019028,452
02/11/2000 10:00,3.416666667,6.368,452,4.9035852,452
02/11/2000 10:15,3.427083333,6.37,451,4.9052676,452
02/11/2000 10:30,3.4375,6.369,448,4.9019028,451
02/11/2000 10:45,3.447916667,6.365,449,4.9061088,453
02/11/2000 11:00,3.458333333,6.363,448,4.9061088,452
02/11/2000 11:15,3.46875,6.363,448,4.9010616,452
02/11/2000 11:30,3.479166667,6.363,444,4.902744,451
02/11/2000 11:45,3.489583333,6.359,444,4.9019028,448
02/11/2000 12:00,3.5,6.359,443,4.898538,449
02/11/2000 12:15,3.510416667,6.362,443,4.8968556,448
02/11/2000 12:30,3.520833333,6.357,443,4.8968556,448
02/11/2000 12:45,3.53125,6.356,445,4.8968556,444
02/11/2000 13:00,3.541666667,6.353,442,4.8934908,444
02/11/2000 13:15,3.552083333,6.344,437,4.8934908,443
02/11/2000 13:30,3.5625,6.348,438,4.8960144,443
02/11/2000 13:45,3.572916667,6.34,436,4.8918084,443
02/11/2000 14:00,3.583333333,6.338,435,4.8909672,445
02/11/2000 14:15,3.59375,6.334,434,4.8884436,442
02/11/2000 14:30,3.604166667,6.332,437,4.8808728,437
02/11/2000 14:45,3.614583333,6.33,433,4.8842376,438
02/11/2000 15:00,3.625,6.326,433,4.877508,436
02/11/2000 15:15,3.635416667,6.323,430,4.8758256,435
02/11/2000 15:30,3.645833333,6.32,432,4.8724608,434
02/11/2000 15:45,3.65625,6.321,430,4.8707784,437
02/11/2000 16:00,3.666666667,6.318,426,4.869096,433
02/11/2000 16:15,3.677083333,6.312,424,4.8657312,433
02/11/2000 16:30,3.6875,6.309,425,4.8632076,430
02/11/2000 16:45,3.697916667,6.31,424,4.860684,432
02/11/2000 17:00,3.708333333,6.303,423,4.8615252,430
02/11/2000 17:15,3.71875,6.303,424,4.8590016,426
02/11/2000 17:30,3.729166667,6.296,424,4.8539544,424
02/11/2000 17:45,3.739583333,6.297,420,4.8514308,425
02/11/2000 18:00,3.75,6.295,420,4.852272,424
02/11/2000 18:15,3.760416667,6.289,420,4.8463836,423
02/11/2000 18:30,3.770833333,6.288,418,4.8463836,424
02/11/2000 18:45,3.78125,6.287,419,4.8404952,424
02/11/2000 19:00,3.791666667,6.282,418,4.8413364,420
02/11/2000 19:15,3.802083333,6.276,415,4.839654,420
02/11/2000 19:30,3.8125,6.271,415,4.8346068,420
02/11/2000 19:45,3.822916667,6.27,417,4.8337656,418
02/11/2000 20:00,3.833333333,6.265,414,4.8329244,419
02/11/2000 20:15,3.84375,6.26,413,4.8287184,418
02/11/2000 20:30,3.854166667,6.256,410,4.8236712,415
02/11/2000 20:45,3.864583333,6.255,414,4.8194652,415
02/11/2000 21:00,3.875,6.254,412,4.818624,417
02/11/2000 21:15,3.885416667,6.25,412,4.814418,414
02/11/2000 21:30,3.895833333,6.245,412,4.810212,413
02/11/2000 21:45,3.90625,6.24,413,4.8068472,410
02/11/2000 22:00,3.916666667,6.239,410,4.806006,414
02/11/2000 22:15,3.927083333,6.239,409,4.8051648,412
02/11/2000 22:30,3.9375,6.238,410,4.8018,412
02/11/2000 22:45,3.947916667,6.235,411,4.797594,412
02/11/2000 23:00,3.958333333,6.235,413,4.793388,413
02/11/2000 23:15,3.96875,6.232,413,4.7925468,410
02/11/2000 23:30,3.979166667,6.232,413,4.7925468,409
02/11/2000 23:45,3.989583333,6.232,413,4.7917056,410
03/11/2000 00:00,4,6.232,414,4.789182,411
03/11/2000 00:15,4.010416667,6.232,414,4.789182,413
03/11/2000 00:30,4.020833333,6.232,414,4.7866584,413
03/11/2000 00:45,4.03125,6.232,414,4.7866584,413
03/11/2000 01:00,4.041666667,6.232,416,4.7866584,413
03/11/2000 01:15,4.052083333,6.232,417,4.7866584,414
03/11/2000 01:30,4.0625,6.232,416,4.7866584,414
03/11/2000 01:45,4.072916667,6.235,418,4.7866584,414
03/11/2000 02:00,4.083333333,6.238,419,4.7866584,414
03/11/2000 02:15,4.09375,6.238,419,4.7866584,416
03/11/2000 02:30,4.104166667,6.238,420,4.7866584,417
03/11/2000 02:45,4.114583333,6.238,422,4.7866584,416
03/11/2000 03:00,4.125,6.238,422,4.789182,418
03/11/2000 03:15,4.135416667,6.248,421,4.7917056,419
03/11/2000 03:30,4.145833333,6.245,421,4.7917056,419
03/11/2000 03:45,4.15625,6.245,424,4.7917056,420
03/11/2000 04:00,4.166666667,6.245,426,4.7917056,422
03/11/2000 04:15,4.177083333,6.245,428,4.7917056,422
03/11/2000 04:30,4.1875,6.262,427,4.8001176,421
03/11/2000 04:45,4.197916667,6.271,429,4.797594,421
03/11/2000 05:00,4.208333333,6.273,430,4.797594,424
03/11/2000 05:15,4.21875,6.278,431,4.797594,426
03/11/2000 05:30,4.229166667,6.281,434,4.797594,428
03/11/2000 05:45,4.239583333,6.285,434,4.8118944,427
03/11/2000 06:00,4.25,6.286,435,4.8194652,429
03/11/2000 06:15,4.260416667,6.293,438,4.8211476,430
03/11/2000 06:30,4.270833333,6.3,440,4.8253536,431
03/11/2000 06:45,4.28125,6.306,442,4.8278772,434
03/11/2000 07:00,4.291666667,6.312,445,4.831242,434
03/11/2000 07:15,4.302083333,6.32,445,4.8320832,435
03/11/2000 07:30,4.3125,6.324,445,4.8379716,438
03/11/2000 07:45,4.322916667,6.335,450,4.84386,440
03/11/2000 08:00,4.333333333,6.338,450,4.8489072,442
03/11/2000 08:15,4.34375,6.341,453,4.8539544,445
03/11/2000 08:30,4.354166667,6.347,456,4.860684,445
03/11/2000 08:45,4.364583333,6.354,458,4.8640488,445
03/11/2000 09:00,4.375,6.365,458,4.873302,450
03/11/2000 09:15,4.385416667,6.375,458,4.8758256,450
03/11/2000 09:30,4.395833333,6.386,465,4.8783492,453
03/11/2000 09:45,4.40625,6.386,467,4.8833964,456
03/11/2000 10:00,4.416666667,6.395,468,4.8892848,458
03/11/2000 10:15,4.427083333,6.397,469,4.898538,458
03/11/2000 10:30,4.4375,6.417,470,4.90695,458
03/11/2000 10:45,4.447916667,6.429,474,4.9162032,465
03/11/2000 11:00,4.458333333,6.442,477,4.9162032,467
03/11/2000 11:15,4.46875,6.441,481,4.923774,468
03/11/2000 11:30,4.479166667,6.456,484,4.9254564,469
03/11/2000 11:45,4.489583333,6.473,486,4.9422804,470
03/11/2000 12:00,4.5,6.483,492,4.9523748,474
03/11/2000 12:15,4.510416667,6.502,496,4.9633104,477
03/11/2000 12:30,4.520833333,6.51,497,4.9624692,481
03/11/2000 12:45,4.53125,6.517,500,4.9750872,484
03/11/2000 13:00,4.541666667,6.526,505,4.9893876,486
03/11/2000 13:15,4.552083333,6.535,507,4.9977996,492
03/11/2000 13:30,4.5625,6.544,509,5.0137824,496
03/11/2000 13:45,4.572916667,6.562,512,5.020512,497
03/11/2000 14:00,4.583333333,6.568,516,5.0264004,500
03/11/2000 14:15,4.59375,6.596,518,5.0339712,505
03/11/2000 14:30,4.604166667,6.611,517,5.041542,507
03/11/2000 14:45,4.614583333,6.614,518,5.0491128,509
03/11/2000 15:00,4.625,6.628,520,5.0642544,512
03/11/2000 15:15,4.635416667,6.637,524,5.0693016,516
03/11/2000 15:30,4.645833333,6.65,523,5.0928552,518
03/11/2000 15:45,4.65625,6.66,524,5.1054732,517
03/11/2000 16:00,4.666666667,6.664,525,5.1079968,518
03/11/2000 16:15,4.677083333,6.67,525,5.1197736,520
03/11/2000 16:30,4.6875,6.678,525,5.1273444,524
03/11/2000 16:45,4.697916667,6.683,526,5.13828,523
03/11/2000 17:00,4.708333333,6.683,527,5.146692,524
03/11/2000 17:15,4.71875,6.683,525,5.1500568,525
03/11/2000 17:30,4.729166667,6.713,526,5.155104,525
03/11/2000 17:45,4.739583333,6.716,528,5.1618336,525
03/11/2000 18:00,4.75,6.719,531,5.1660396,526
03/11/2000 18:15,4.760416667,6.726,531,5.1660396,527
03/11/2000 18:30,4.770833333,6.731,533,5.1660396,525
03/11/2000 18:45,4.78125,6.749,533,5.1912756,526
03/11/2000 19:00,4.791666667,6.761,531,5.1937992,528
03/11/2000 19:15,4.802083333,6.761,531,5.1963228,531
03/11/2000 19:30,4.8125,6.761,532,5.2022112,531
03/11/2000 19:45,4.822916667,6.761,531,5.2064172,533
03/11/2000 20:00,4.833333333,6.762,534,5.2215588,533
03/11/2000 20:15,4.84375,6.766,533,5.2316532,531
03/11/2000 20:30,4.854166667,6.767,531,5.2316532,531
03/11/2000 20:45,4.864583333,6.771,532,5.2316532,532
03/11/2000 21:00,4.875,6.771,530,5.2316532,531
03/11/2000 21:15,4.885416667,6.775,532,5.2324944,534
03/11/2000 21:30,4.895833333,6.775,533,5.2358592,533
03/11/2000 21:45,4.90625,6.781,532,5.2367004,531
03/11/2000 22:00,4.916666667,6.784,532,5.2400652,532
03/11/2000 22:15,4.927083333,6.775,531,5.2400652,530
03/11/2000 22:30,4.9375,6.781,529,5.24343,532
03/11/2000 22:45,4.947916667,6.781,527,5.24343,533
03/11/2000 23:00,4.958333333,6.781,526,5.2484772,532
03/11/2000 23:15,4.96875,6.781,527,5.2510008,532
03/11/2000 23:30,4.979166667,6.779,525,5.24343,531
03/11/2000 23:45,4.989583333,6.778,527,5.2484772,529
04/11/2000 00:00,5,6.777,525,5.2484772,527
04/11/2000 00:15,5.010416667,6.787,529,5.2484772,526
04/11/2000 00:30,5.020833333,6.783,529,5.2484772,527
04/11/2000 00:45,5.03125,6.778,525,5.2467948,525
04/11/2000 01:00,5.041666667,6.777,522,5.2459536,527
04/11/2000 01:15,5.052083333,6.771,522,5.2451124,525
04/11/2000 01:30,5.0625,6.768,521,5.2535244,529
04/11/2000 01:45,5.072916667,6.773,522,5.2501596,529
04/11/2000 02:00,5.083333333,6.771,522,5.2459536,525
04/11/2000 02:15,5.09375,6.768,522,5.2451124,522
04/11/2000 02:30,5.104166667,6.765,519,5.2400652,522
04/11/2000 02:45,5.114583333,6.765,521,5.2375416,521
04/11/2000 03:00,5.125,6.763,518,5.2417476,522
04/11/2000 03:15,5.135416667,6.764,515,5.2400652,522
04/11/2000 03:30,5.145833333,6.761,516,5.2375416,522
04/11/2000 03:45,5.15625,6.765,515,5.235018,519
04/11/2000 04:00,5.166666667,6.765,515,5.235018,521
04/11/2000 04:15,5.177083333,6.763,516,5.2333356,518
04/11/2000 04:30,5.1875,6.762,512,5.2341768,515
04/11/2000 04:45,5.197916667,6.759,512,5.2316532,516
04/11/2000 05:00,5.208333333,6.756,510,5.235018,515
04/11/2000 05:15,5.21875,6.753,512,5.235018,515
04/11/2000 05:30,5.229166667,6.75,510,5.2333356,516
04/11/2000 05:45,5.239583333,6.747,514,5.2324944,512
04/11/2000 06:00,5.25,6.743,512,5.2299708,512
04/11/2000 06:15,5.260416667,6.74,510,5.2274472,510
04/11/2000 06:30,5.270833333,6.737,509,5.2249236,512
04/11/2000 06:45,5.28125,6.734,506,5.2224,510
04/11/2000 07:00,5.291666667,6.731,506,5.2198764,514
04/11/2000 07:15,5.302083333,6.728,509,5.2165116,512
04/11/2000 07:30,5.3125,6.717,505,5.213988,510
04/11/2000 07:45,5.322916667,6.717,504,5.2114644,509
04/11/2000 08:00,5.333333333,6.717,505,5.2089408,506
04/11/2000 08:15,5.34375,6.709,505,5.2064172,506
04/11/2000 08:30,5.354166667,6.713,504,5.2038936,509
04/11/2000 08:45,5.364583333,6.713,504,5.1946404,505
04/11/2000 09:00,5.375,6.713,500,5.1946404,504
04/11/2000 09:15,5.385416667,6.69,500,5.1946404,505
04/11/2000 09:30,5.395833333,6.676,501,5.1879108,505
04/11/2000 09:45,5.40625,6.671,501,5.1912756,504
04/11/2000 10:00,5.416666667,6.664,499,5.1912756,504
04/11/2000 10:15,5.427083333,6.664,500,5.1912756,500
04/11/2000 10:30,5.4375,6.655,498,5.171928,500
04/11/2000 10:45,5.447916667,6.65,497,5.1601512,501
04/11/2000 11:00,5.458333333,6.653,497,5.1559452,501
04/11/2000 11:15,5.46875,6.647,495,5.1500568,499
04/11/2000 11:30,5.479166667,6.644,494,5.1500568,500
04/11/2000 11:45,5.489583333,6.637,493,5.142486,498
04/11/2000 12:00,5.5,6.632,492,5.13828,497
04/11/2000 12:15,5.510416667,6.631,491,5.1408036,497
04/11/2000 12:30,5.520833333,6.626,490,5.1357564,495
04/11/2000 12:45,5.53125,6.62,489,5.1332328,494
04/11/2000 13:00,5.541666667,6.613,488,5.1273444,493
04/11/2000 13:15,5.552083333,6.615,487,5.1231384,492
04/11/2000 13:30,5.5625,6.611,486,5.1222972,491
04/11/2000 13:45,5.572916667,6.603,486,5.1180912,490
04/11/2000 14:00,5.583333333,6.6,488,5.113044,489
04/11/2000 14:15,5.59375,6.593,485,5.1071556,488
04/11/2000 14:30,5.604166667,6.59,488,5.108838,487
04/11/2000 14:45,5.614583333,6.586,485,5.1054732,486
04/11/2000 15:00,5.625,6.582,483,5.0987436,486
04/11/2000 15:15,5.635416667,6.57,482,5.09622,488
04/11/2000 15:30,5.645833333,6.566,482,5.0903316,485
04/11/2000 15:45,5.65625,6.56,481,5.087808,488
04/11/2000 16:00,5.666666667,6.557,478,5.0844432,485
04/11/2000 16:15,5.677083333,6.558,480,5.0810784,483
04/11/2000 16:30,5.6875,6.553,480,5.070984,482
04/11/2000 16:45,5.697916667,6.54,477,5.0676192,482
04/11/2000 17:00,5.708333333,6.541,476,5.062572,481
04/11/2000 17:15,5.71875,6.536,475,5.0600484,478
04/11/2000 17:30,5.729166667,6.525,475,5.0608896,480
04/11/2000 17:45,5.739583333,6.521,472,5.0566836,480
04/11/2000 18:00,5.75,6.519,472,5.045748,477
04/11/2000 18:15,5.760416667,6.515,470,5.0465892,476
04/11/2000 18:30,5.770833333,6.512,469,5.0423832,475
04/11/2000 18:45,5.78125,6.501,469,5.03313,475
04/11/2000 19:00,5.791666667,6.497,468,5.0297652,472
04/11/2000 19:15,5.802083333,6.499,465,5.0280828,472
04/11/2000 19:30,5.8125,6.489,464,5.024718,470
04/11/2000 19:45,5.822916667,6.481,465,5.0221944,469
04/11/2000 20:00,5.833333333,6.476,464,5.0129412,469
04/11/2000 20:15,5.84375,6.474,464,5.0095764,468
04/11/2000 20:30,5.854166667,6.473,461,5.0112588,465
04/11/2000 20:45,5.864583333,6.47,461,5.0028468,464
04/11/2000 21:00,5.875,6.458,459,4.9961172,465
04/11/2000 21:15,5.885416667,6.451,458,4.9919112,464
04/11/2000 21:30,5.895833333,6.445,458,4.9902288,464
04/11/2000 21:45,5.90625,6.444,458,4.9893876,461
04/11/2000 22:00,5.916666667,6.44,457,4.986864,461
04/11/2000 22:15,5.927083333,6.437,454,4.9767696,459
04/11/2000 22:30,5.9375,6.428,453,4.9708812,458
04/11/2000 22:45,5.947916667,6.421,451,4.965834,458
04/11/2000 23:00,5.958333333,6.411,451,4.9649928,458
04/11/2000 23:15,5.96875,6.409,450,4.961628,457
04/11/2000 23:30,5.979166667,6.406,450,4.9591044,454
04/11/2000 23:45,5.989583333,6.398,452,4.9515336,453
05/11/2000 00:00,6,6.392,450,4.9456452,451
05/11/2000 00:15,6.010416667,6.391,446,4.9372332,451
05/11/2000 00:30,6.020833333,6.389,443,4.9355508,450
05/11/2000 00:45,6.03125,6.38,443,4.9330272,450
05/11/2000 01:00,6.041666667,6.379,444,4.9262976,452
05/11/2000 01:15,6.052083333,6.367,441,4.9212504,450
05/11/2000 01:30,6.0625,6.36,440,4.9204092,446
05/11/2000 01:45,6.072916667,6.356,441,4.9187268,443
05/11/2000 02:00,6.083333333,6.346,440,4.911156,443
05/11/2000 02:15,6.09375,6.345,437,4.9103148,444
05/11/2000 02:30,6.104166667,6.338,439,4.9002204,441
05/11/2000 02:45,6.114583333,6.333,437,4.894332,440
05/11/2000 03:00,6.125,6.329,436,4.8909672,441
05/11/2000 03:15,6.135416667,6.322,434,4.8825552,440
05/11/2000 03:30,6.145833333,6.315,432,4.881714,437
05/11/2000 03:45,6.15625,6.309,431,4.8758256,439
05/11/2000 04:00,6.166666667,6.3,432,4.8716196,437
05/11/2000 04:15,6.177083333,6.298,429,4.8682548,436
05/11/2000 04:30,6.1875,6.291,428,4.8623664,434
05/11/2000 04:45,6.197916667,6.288,427,4.856478,432
05/11/2000 05:00,6.208333333,6.283,425,4.8514308,431
05/11/2000 05:15,6.21875,6.276,427,4.84386,432
05/11/2000 05:30,6.229166667,6.269,427,4.8421776,429
05/11/2000 05:45,6.239583333,6.262,424,4.8362892,428
05/11/2000 06:00,6.25,6.255,422,4.8337656,427
05/11/2000 06:15,6.260416667,6.25,419,4.8295596,425
05/11/2000 06:30,6.270833333,6.243,418,4.8236712,427
05/11/2000 06:45,6.28125,6.242,417,4.8177828,427
05/11/2000 07:00,6.291666667,6.238,416,4.8118944,424
05/11/2000 07:15,6.302083333,6.23,417,4.806006,422
05/11/2000 07:30,6.3125,6.221,414,4.8018,419
05/11/2000 07:45,6.322916667,6.216,413,4.7959116,418
05/11/2000 08:00,6.333333333,6.212,411,4.7950704,417
05/11/2000 08:15,6.34375,6.202,409,4.7917056,416
05/11/2000 08:30,6.354166667,6.199,408,4.784976,417
05/11/2000 08:45,6.364583333,6.192,410,4.7774052,414
05/11/2000 09:00,6.375,6.188,408,4.7731992,413
05/11/2000 09:15,6.385416667,6.184,405,4.7698344,411
05/11/2000 09:30,6.395833333,6.18,403,4.7614224,409
05/11/2000 09:45,6.40625,6.173,401,4.7588988,408
05/11/2000 10:00,6.416666667,6.166,402,4.7530104,410
05/11/2000 10:15,6.427083333,6.16,402,4.7496456,408
05/11/2000 10:30,6.4375,6.156,399,4.7462808,405
05/11/2000 10:45,6.447916667,6.149,398,4.742916,403
05/11/2000 11:00,6.458333333,6.142,397,4.7370276,401
05/11/2000 11:15,6.46875,6.135,395,4.7311392,402
05/11/2000 11:30,6.479166667,6.131,391,4.726092,402
05/11/2000 11:45,6.489583333,6.127,393,4.7227272,399
05/11/2000 12:00,6.5,6.12,391,4.7168388,398
05/11/2000 12:15,6.510416667,6.111,391,4.7109504,397
05/11/2000 12:30,6.520833333,6.108,388,4.705062,395
05/11/2000 12:45,6.53125,6.101,387,4.7016972,391
05/11/2000 13:00,6.541666667,6.097,386,4.6983324,393
05/11/2000 13:15,6.552083333,6.091,387,4.692444,391
05/11/2000 13:30,6.5625,6.083,388,4.6848732,391
05/11/2000 13:45,6.572916667,6.078,384,4.6823496,388
05/11/2000 14:00,6.583333333,6.069,381,4.6764612,387
05/11/2000 14:15,6.59375,6.062,385,4.6730964,386
05/11/2000 14:30,6.604166667,6.054,383,4.6680492,387
05/11/2000 14:45,6.614583333,6.052,382,4.6613196,388
05/11/2000 15:00,6.625,6.045,381,4.6571136,384
05/11/2000 15:15,6.635416667,6.035,379,4.6495428,381
05/11/2000 15:30,6.645833333,6.026,379,4.6436544,385
05/11/2000 15:45,6.65625,6.023,377,4.6369248,383
05/11/2000 16:00,6.666666667,6.018,375,4.6352424,382
05/11/2000 16:15,6.677083333,6.009,376,4.629354,381
05/11/2000 16:30,6.6875,6.001,375,4.620942,379
05/11/2000 16:45,6.697916667,5.997,375,4.6133712,379
05/11/2000 17:00,6.708333333,5.989,372,4.6108476,377
05/11/2000 17:15,6.71875,5.98,373,4.6066416,375
05/11/2000 17:30,6.729166667,5.975,371,4.5990708,376
05/11/2000 17:45,6.739583333,5.969,372,4.5923412,375
05/11/2000 18:00,6.75,5.961,369,4.5889764,375
05/11/2000 18:15,6.760416667,5.949,366,4.5822468,372
05/11/2000 18:30,6.770833333,5.944,368,4.574676,373
05/11/2000 18:45,6.78125,5.937,366,4.57047,371
05/11/2000 19:00,6.791666667,5.929,368,4.5654228,372
05/11/2000 19:15,6.802083333,5.921,364,4.5586932,369
05/11/2000 19:30,6.8125,5.915,364,4.5485988,366
05/11/2000 19:45,6.822916667,5.903,365,4.5443928,368
05/11/2000 20:00,6.833333333,5.896,364,4.5385044,366
05/11/2000 20:15,6.84375,5.89,363,4.5317748,368
05/11/2000 20:30,6.854166667,5.885,362,4.5250452,364
05/11/2000 20:45,6.864583333,5.877,361,4.519998,364
05/11/2000 21:00,6.875,5.868,358,4.5099036,365
05/11/2000 21:15,6.885416667,5.856,357,4.5040152,364
05/11/2000 21:30,6.895833333,5.855,355,4.498968,363
05/11/2000 21:45,6.90625,5.846,355,4.494762,362
05/11/2000 22:00,6.916666667,5.836,355,4.4880324,361
05/11/2000 22:15,6.927083333,5.829,356,4.4804616,358
05/11/2000 22:30,6.9375,5.824,354,4.4703672,357
05/11/2000 22:45,6.947916667,5.817,352,4.469526,355
05/11/2000 23:00,6.958333333,5.809,353,4.4619552,355
05/11/2000 23:15,6.96875,5.799,355,4.4535432,355
05/11/2000 23:30,6.979166667,5.793,352,4.4476548,356
05/11/2000 23:45,6.989583333,5.785,350,4.4434488,354
06/11/2000 00:00,7,5.777,348,4.4375604,352
06/11/2000 00:15,7.010416667,5.769,348,4.4308308,353
06/11/2000 00:30,7.020833333,5.763,349,4.4224188,355
06/11/2000 00:45,7.03125,5.755,345,4.4173716,352
06/11/2000 01:00,7.041666667,5.747,341,4.410642,350
06/11/2000 01:15,7.052083333,5.739,343,4.4039124,348
06/11/2000 01:30,7.0625,5.731,343,4.3971828,348
06/11/2000 01:45,7.072916667,5.723,339,4.3921356,349
06/11/2000 02:00,7.083333333,5.715,341,4.385406,345
06/11/2000 02:15,7.09375,5.706,338,4.3786764,341
06/11/2000 02:30,7.104166667,5.702,338,4.3719468,343
06/11/2000 02:45,7.114583333,5.693,339,4.3652172,343
06/11/2000 03:00,7.125,5.683,341,4.3584876,339
06/11/2000 03:15,7.135416667,5.681,341,4.351758,341
06/11/2000 03:30,7.145833333,5.674,337,4.3441872,338
06/11/2000 03:45,7.15625,5.664,336,4.3408224,338
06/11/2000 04:00,7.166666667,5.655,334,4.3332516,339
06/11/2000 04:15,7.177083333,5.646,335,4.3248396,341
06/11/2000 04:30,7.1875,5.639,335,4.3231572,341
06/11/2000 04:45,7.197916667,5.638,335,4.3172688,337
06/11/2000 05:00,7.208333333,5.629,336,4.3088568,336
06/11/2000 05:15,7.21875,5.625,335,4.301286,334
06/11/2000 05:30,7.229166667,5.619,334,4.2937152,335
06/11/2000 05:45,7.239583333,5.613,331,4.2878268,335
06/11/2000 06:00,7.25,5.606,331,4.2869856,335
06/11/2000 06:15,7.260416667,5.6,332,4.2794148,336
06/11/2000 06:30,7.270833333,5.596,330,4.27605,335
06/11/2000 06:45,7.28125,5.592,329,4.2710028,334
06/11/2000 07:00,7.291666667,5.586,330,4.2659556,331
06/11/2000 07:15,7.302083333,5.584,331,4.2600672,331
06/11/2000 07:30,7.3125,5.577,331,4.25502,332
06/11/2000 07:45,7.322916667,5.574,330,4.2516552,330
06/11/2000 08:00,7.333333333,5.571,328,4.2482904,329
06/11/2000 08:15,7.34375,5.57,329,4.2432432,330
06/11/2000 08:30,7.354166667,5.569,328,4.2415608,331
06/11/2000 08:45,7.364583333,5.568,330,4.2356724,331
06/11/2000 09:00,7.375,5.566,330,4.2331488,330
06/11/2000 09:15,7.385416667,5.564,332,4.2306252,328
06/11/2000 09:30,7.395833333,5.565,329,4.229784,329
06/11/2000 09:45,7.40625,5.565,327,4.2289428,328
06/11/2000 10:00,7.416666667,5.564,326,4.2281016,330
06/11/2000 10:15,7.427083333,5.566,327,4.2264192,330
06/11/2000 10:30,7.4375,5.566,327,4.2247368,332
06/11/2000 10:45,7.447916667,5.568,327,4.225578,329
06/11/2000 11:00,7.458333333,5.57,326,4.225578,327
06/11/2000 11:15,7.46875,5.57,330,4.2247368,326
06/11/2000 11:30,7.479166667,5.573,331,4.2264192,327
06/11/2000 11:45,7.489583333,5.578,330,4.2264192,327
06/11/2000 12:00,7.5,5.582,329,4.2281016,327
06/11/2000 12:15,7.510416667,5.585,331,4.229784,326
06/11/2000 12:30,7.520833333,5.589,331,4.229784,330
06/11/2000 12:45,7.53125,5.596,334,4.2323076,331
06/11/2000 13:00,7.541666667,5.599,336,4.2365136,330
06/11/2000 13:15,7.552083333,5.605,335,4.2398784,329
06/11/2000 13:30,7.5625,5.612,337,4.242402,331
06/11/2000 13:45,7.572916667,5.619,339,4.2457668,331
06/11/2000 14:00,7.583333333,5.624,340,4.2516552,334
06/11/2000 14:15,7.59375,5.63,341,4.2541788,336
06/11/2000 14:30,7.604166667,5.639,342,4.259226,335
06/11/2000 14:45,7.614583333,5.648,344,4.2651144,337
06/11/2000 15:00,7.625,5.656,346,4.2710028,339
06/11/2000 15:15,7.635416667,5.665,345,4.2752088,340
06/11/2000 15:30,7.645833333,5.676,349,4.280256,341
06/11/2000 15:45,7.65625,5.684,352,4.2878268,342
06/11/2000 16:00,7.666666667,5.691,354,4.2953976,344
06/11/2000 16:15,7.677083333,5.702,356,4.3021272,346
06/11/2000 16:30,7.6875,5.713,357,4.309698,345
06/11/2000 16:45,7.697916667,5.723,359,4.3189512,349
06/11/2000 17:00,7.708333333,5.732,359,4.3256808,352
06/11/2000 17:15,7.71875,5.74,362,4.3315692,354
06/11/2000 17:30,7.729166667,5.75,364,4.3408224,356
06/11/2000 17:45,7.739583333,5.763,368,4.3500756,357
06/11/2000 18:00,7.75,5.772,367,4.3584876,359
06/11/2000 18:15,7.760416667,5.781,370,4.3660584,359
06/11/2000 18:30,7.770833333,5.795,370,4.372788,362
06/11/2000 18:45,7.78125,5.808,371,4.3812,364
06/11/2000 19:00,7.791666667,5.816,374,4.3921356,368
06/11/2000 19:15,7.802083333,5.825,376,4.3997064,367
06/11/2000 19:30,7.8125,5.837,380,4.4072772,370
06/11/2000 19:45,7.822916667,5.85,378,4.419054,370
06/11/2000 20:00,7.833333333,5.859,380,4.4299896,371
06/11/2000 20:15,7.84375,5.874,381,4.4367192,374
06/11/2000 20:30,7.854166667,5.885,385,4.44429,376
06/11/2000 20:45,7.864583333,5.894,387,4.4543844,380
06/11/2000 21:00,7.875,5.909,387,4.46532,378
06/11/2000 21:15,7.885416667,5.921,389,4.4728908,380
06/11/2000 21:30,7.895833333,5.934,391,4.4855088,381
06/11/2000 21:45,7.90625,5.943,393,4.494762,385
06/11/2000 22:00,7.916666667,5.956,395,4.5023328,387
06/11/2000 22:15,7.927083333,5.968,395,4.5149508,387
06/11/2000 22:30,7.9375,5.983,397,4.5250452,389
06/11/2000 22:45,7.947916667,5.994,398,4.5359808,391
06/11/2000 23:00,7.958333333,6.006,401,4.5435516,393
06/11/2000 23:15,7.96875,6.02,403,4.5544872,395
06/11/2000 23:30,7.979166667,6.028,408,4.5645816,395
06/11/2000 23:45,7.989583333,6.043,407,4.5771996,397
07/11/2000 00:00,8,6.053,408,4.5864528,398
07/11/2000 00:15,8.010416667,6.064,411,4.5965472,401
07/11/2000 00:30,8.020833333,6.075,416,4.608324,403
07/11/2000 00:45,8.03125,6.082,416,4.6150536,408
07/11/2000 01:00,8.041666667,6.092,419,4.6276716,407
07/11/2000 01:15,8.052083333,6.101,422,4.6360836,408
07/11/2000 01:30,8.0625,6.104,424,4.6453368,411
07/11/2000 01:45,8.072916667,6.116,427,4.65459,416
07/11/2000 02:00,8.083333333,6.126,429,4.6604784,416
07/11/2000 02:15,8.09375,6.137,432,4.6688904,419
07/11/2000 02:30,8.104166667,6.14,436,4.6764612,422
07/11/2000 02:45,8.114583333,6.148,439,4.6789848,424
07/11/2000 03:00,8.125,6.158,439,4.6890792,427
07/11/2000 03:15,8.135416667,6.161,443,4.6974912,429
07/11/2000 03:30,8.145833333,6.167,447,4.7067444,432
07/11/2000 03:45,8.15625,6.175,447,4.709268,436
07/11/2000 04:00,8.166666667,6.177,450,4.7159976,439
07/11/2000 04:15,8.177083333,6.184,452,4.7244096,439
07/11/2000 04:30,8.1875,6.184,455,4.7269332,443
07/11/2000 04:45,8.197916667,6.195,455,4.7319804,447
07/11/2000 05:00,8.208333333,6.211,450,4.73871,447
07/11/2000 05:15,8.21875,6.219,450,4.7403924,450
07/11/2000 05:30,8.229166667,6.237,448,4.7462808,452
07/11/2000 05:45,8.239583333,6.244,450,4.7462808,455
07/11/2000 06:00,8.25,6.26,451,4.755534,455
07/11/2000 06:15,8.260416667,6.266,452,4.7689932,450
07/11/2000 06:30,8.270833333,6.275,454,4.7757228,450
07/11/2000 06:45,8.28125,6.282,456,4.7908644,448
07/11/2000 07:00,8.291666667,6.297,456,4.7967528,450
07/11/2000 07:15,8.302083333,6.299,457,4.810212,451
07/11/2000 07:30,8.3125,6.312,461,4.8152592,452
07/11/2000 07:45,8.322916667,6.322,462,4.82283,454
07/11/2000 08:00,8.333333333,6.326,463,4.8287184,456
07/11/2000 08:15,8.34375,6.335,463,4.8413364,456
07/11/2000 08:30,8.354166667,6.345,463,4.8430188,457
07/11/2000 08:45,8.364583333,6.356,467,4.8539544,461
07/11/2000 09:00,8.375,6.364,468,4.8623664,462
07/11/2000 09:15,8.385416667,6.37,470,4.8657312,463
07/11/2000 09:30,8.395833333,6.379,469,4.873302,463
07/11/2000 09:45,8.40625,6.386,471,4.881714,463
07/11/2000 10:00,8.416666667,6.392,471,4.8909672,467
07/11/2000 10:15,8.427083333,6.402,476,4.8976968,468
07/11/2000 10:30,8.4375,6.406,475,4.902744,470
07/11/2000 10:45,8.447916667,6.41,478,4.9103148,469
07/11/2000 11:00,8.458333333,6.417,477,4.9162032,471
07/11/2000 11:15,8.46875,6.423,474,4.9212504,471
07/11/2000 11:30,8.479166667,6.433,475,4.9296624,476
07/11/2000 11:45,8.489583333,6.44,478,4.9330272,475
07/11/2000 12:00,8.5,6.442,474,4.936392,478
07/11/2000 12:15,8.510416667,6.444,477,4.9422804,477
07/11/2000 12:30,8.520833333,6.445,477,4.9473276,474
07/11/2000 12:45,8.53125,6.447,478,4.9557396,475
07/11/2000 13:00,8.541666667,6.453,477,4.961628,478
07/11/2000 13:15,8.552083333,6.457,476,4.9633104,474
07/11/2000 13:30,8.5625,6.459,477,4.9649928,477
07/11/2000 13:45,8.572916667,6.463,477,4.965834,477
07/11/2000 14:00,8.583333333,6.462,477,4.9675164,478
07/11/2000 14:15,8.59375,6.471,475,4.9725636,477
07/11/2000 14:30,8.604166667,6.471,475,4.9759284,476
07/11/2000 14:45,8.614583333,6.469,479,4.9776108,477
07/11/2000 15:00,8.625,6.47,476,4.9809756,477
07/11/2000 15:15,8.635416667,6.475,477,4.9801344,477
07/11/2000 15:30,8.645833333,6.475,476,4.9877052,475
07/11/2000 15:45,8.65625,6.479,474,4.9877052,475
07/11/2000 16:00,8.666666667,6.478,476,4.9860228,479
07/11/2000 16:15,8.677083333,6.479,476,4.986864,476
07/11/2000 16:30,8.6875,6.475,476,4.99107,477
07/11/2000 16:45,8.697916667,6.478,475,4.99107,476
07/11/2000 17:00,8.708333333,6.475,474,4.9944348,474
07/11/2000 17:15,8.71875,6.48,475,4.9935936,476
07/11/2000 17:30,8.729166667,6.478,472,4.9944348,476
07/11/2000 17:45,8.739583333,6.479,474,4.99107,476
07/11/2000 18:00,8.75,6.474,472,4.9935936,475
07/11/2000 18:15,8.760416667,6.474,475,4.99107,474
07/11/2000 18:30,8.770833333,6.477,472,4.995276,475
07/11/2000 18:45,8.78125,6.479,470,4.9935936,472
07/11/2000 19:00,8.791666667,6.479,473,4.9944348,474
07/11/2000 19:15,8.802083333,6.478,473,4.9902288,472
07/11/2000 19:30,8.8125,6.475,472,4.9902288,475
07/11/2000 19:45,8.822916667,6.474,473,4.9927524,472
07/11/2000 20:00,8.833333333,6.472,472,4.9944348,470
07/11/2000 20:15,8.84375,6.473,470,4.9944348,473
07/11/2000 20:30,8.854166667,6.473,472,4.9935936,473
07/11/2000 20:45,8.864583333,6.477,471,4.99107,472
07/11/2000 21:00,8.875,6.475,472,4.9902288,473
07/11/2000 21:15,8.885416667,6.476,473,4.9885464,472
07/11/2000 21:30,8.895833333,6.47,472,4.9893876,470
07/11/2000 21:45,8.90625,6.477,474,4.9893876,472
07/11/2000 22:00,8.916666667,6.472,473,4.9927524,471
07/11/2000 22:15,8.927083333,6.473,474,4.99107,472
07/11/2000 22:30,8.9375,6.477,471,4.9919112,473
07/11/2000 22:45,8.947916667,6.473,473,4.986864,472
07/11/2000 23:00,8.958333333,6.474,473,4.9927524,474
07/11/2000 23:15,8.96875,6.477,474,4.9885464,473
07/11/2000 23:30,8.979166667,6.472,472,4.9893876,474
07/11/2000 23:45,8.989583333,6.476,470,4.9927524,471
08/11/2000 00:00,9,6.476,471,4.9893876,473
08/11/2000 00:15,9.010416667,6.472,472,4.9902288,473
08/11/2000 00:30,9.020833333,6.474,472,4.9927524,474
08/11/2000 00:45,9.03125,6.474,474,4.9885464,472
08/11/2000 01:00,9.041666667,6.474,477,4.9919112,470
08/11/2000 01:15,9.052083333,6.475,477,4.9919112,471
08/11/2000 01:30,9.0625,6.476,475,4.9885464,472
08/11/2000 01:45,9.072916667,6.479,474,4.9902288,472
08/11/2000 02:00,9.083333333,6.477,473,4.9902288,474
08/11/2000 02:15,9.09375,6.481,475,4.9902288,477
08/11/2000 02:30,9.104166667,6.479,474,4.99107,477
08/11/2000 02:45,9.114583333,6.483,473,4.9919112,475
08/11/2000 03:00,9.125,6.482,474,4.9944348,474
08/11/2000 03:15,9.135416667,6.481,478,4.9927524,473
08/11/2000 03:30,9.145833333,6.478,474,4.9961172,475
08/11/2000 03:45,9.15625,6.481,475,4.9944348,474
08/11/2000 04:00,9.166666667,6.476,476,4.9977996,473
08/11/2000 04:15,9.177083333,6.48,476,4.9969584,474
08/11/2000 04:30,9.1875,6.483,475,4.9961172,478
08/11/2000 04:45,9.197916667,6.48,474,4.9935936,474
08/11/2000 05:00,9.208333333,6.48,474,4.9961172,475
08/11/2000 05:15,9.21875,6.481,478,4.9919112,476
08/11/2000 05:30,9.229166667,6.481,475,4.995276,476
08/11/2000 05:45,9.239583333,6.48,476,4.9977996,475
08/11/2000 06:00,9.25,6.478,476,4.995276,474
08/11/2000 06:15,9.260416667,6.482,476,4.995276,474
08/11/2000 06:30,9.270833333,6.48,478,4.9961172,478
08/11/2000 06:45,9.28125,6.483,477,4.9961172,475
08/11/2000 07:00,9.291666667,6.48,475,4.995276,476
08/11/2000 07:15,9.302083333,6.48,475,4.9935936,476
08/11/2000 07:30,9.3125,6.48,474,4.9969584,476
08/11/2000 07:45,9.322916667,6.483,474,4.995276,478
08/11/2000 08:00,9.333333333,6.479,477,4.9977996,477
08/11/2000 08:15,9.34375,6.475,477,4.995276,475
08/11/2000 08:30,9.354166667,6.48,473,4.995276,475
08/11/2000 08:45,9.364583333,6.476,476,4.995276,474
08/11/2000 09:00,9.375,6.48,472,4.9977996,474
08/11/2000 09:15,9.385416667,6.478,473,4.9944348,477
08/11/2000 09:30,9.395833333,6.477,473,4.99107,477
08/11/2000 09:45,9.40625,6.476,473,4.995276,473
08/11/2000 10:00,9.416666667,6.476,474,4.9919112,476
08/11/2000 10:15,9.427083333,6.474,473,4.995276,472
08/11/2000 10:30,9.4375,6.474,474,4.9935936,473
08/11/2000 10:45,9.447916667,6.474,472,4.9927524,473
08/11/2000 11:00,9.458333333,6.473,472,4.9919112,473
08/11/2000 11:15,9.46875,6.476,471,4.9919112,474
08/11/2000 11:30,9.479166667,6.474,474,4.9902288,473
08/11/2000 11:45,9.489583333,6.471,474,4.9902288,474
08/11/2000 12:00,9.5,6.47,471,4.9902288,472
08/11/2000 12:15,9.510416667,6.464,472,4.9893876,472
08/11/2000 12:30,9.520833333,6.464,472,4.9919112,471
08/11/2000 12:45,9.53125,6.463,470,4.9902288,474
08/11/2000 13:00,9.541666667,6.461,471,4.9877052,474
08/11/2000 13:15,9.552083333,6.458,470,4.986864,471
08/11/2000 13:30,9.5625,6.459,469,4.9818168,472
08/11/2000 13:45,9.572916667,6.458,471,4.9818168,472
08/11/2000 14:00,9.583333333,6.456,467,4.9809756,470
08/11/2000 14:15,9.59375,6.453,466,4.9792932,471
08/11/2000 14:30,9.604166667,6.448,467,4.9767696,470
08/11/2000 14:45,9.614583333,6.45,466,4.9776108,469
08/11/2000 15:00,9.625,6.445,465,4.9767696,471
08/11/2000 15:15,9.635416667,6.446,466,4.9750872,467
08/11/2000 15:30,9.645833333,6.442,466,4.9725636,466
08/11/2000 15:45,9.65625,6.439,463,4.9683576,467
08/11/2000 16:00,9.666666667,6.435,465,4.97004,466
08/11/2000 16:15,9.677083333,6.431,463,4.965834,465
08/11/2000 16:30,9.6875,6.429,462,4.9666752,466
08/11/2000 16:45,9.697916667,6.428,463,4.9633104,466
08/11/2000 17:00,9.708333333,6.428,463,4.9607868,463
08/11/2000 17:15,9.71875,6.422,460,4.957422,465
08/11/2000 17:30,9.729166667,6.416,460,4.9540572,463
08/11/2000 17:45,9.739583333,6.415,458,4.9523748,462
08/11/2000 18:00,9.75,6.409,459,4.9515336,463
08/11/2000 18:15,9.760416667,6.41,461,4.9515336,463
08/11/2000 18:30,9.770833333,6.408,458,4.9464864,460
08/11/2000 18:45,9.78125,6.403,455,4.9414392,460
08/11/2000 19:00,9.791666667,6.397,456,4.940598,458
08/11/2000 19:15,9.802083333,6.398,458,4.9355508,459
08/11/2000 19:30,9.8125,6.392,455,4.936392,461
08/11/2000 19:45,9.822916667,6.388,457,4.9347096,458
08/11/2000 20:00,9.833333333,6.388,453,4.9305036,455
08/11/2000 20:15,9.84375,6.385,455,4.9254564,456
08/11/2000 20:30,9.854166667,6.383,454,4.9262976,458
08/11/2000 20:45,9.864583333,6.377,454,4.9212504,455
08/11/2000 21:00,9.875,6.375,454,4.9178856,457
08/11/2000 21:15,9.885416667,6.371,451,4.9178856,453
08/11/2000 21:30,9.895833333,6.366,452,4.915362,455
08/11/2000 21:45,9.90625,6.364,447,4.9136796,454
08/11/2000 22:00,9.916666667,6.362,447,4.9086324,454
08/11/2000 22:15,9.927083333,6.361,447,4.90695,454
08/11/2000 22:30,9.9375,6.353,445,4.9035852,451
08/11/2000 22:45,9.947916667,6.35,446,4.8993792,452
08/11/2000 23:00,9.958333333,6.349,445,4.8976968,447
08/11/2000 23:15,9.96875,6.342,444,4.8960144,447
08/11/2000 23:30,9.979166667,6.343,444,4.8951732,447
08/11/2000 23:45,9.989583333,6.333,444,4.8884436,445
09/11/2000 00:00,10,6.331,444,4.88592,446
09/11/2000 00:15,10.01041667,6.333,442,4.8850788,445
09/11/2000 00:30,10.02083333,6.329,440,4.8791904,444
09/11/2000 00:45,10.03125,6.322,442,4.8800316,444
09/11/2000 01:00,10.04166667,6.322,440,4.8716196,444
09/11/2000 01:15,10.05208333,6.314,438,4.8699372,444
09/11/2000 01:30,10.0625,6.308,437,4.8716196,442
09/11/2000 01:45,10.07291667,6.306,438,4.8682548,440
09/11/2000 02:00,10.08333333,6.3,437,4.8623664,442
09/11/2000 02:15,10.09375,6.3,435,4.8623664,440
09/11/2000 02:30,10.10416667,6.297,435,4.8556368,438
09/11/2000 02:45,10.11458333,6.293,434,4.8505896,437
09/11/2000 03:00,10.125,6.289,435,4.8489072,438
09/11/2000 03:15,10.13541667,6.285,432,4.84386,437
09/11/2000 03:30,10.14583333,6.281,432,4.84386,435
09/11/2000 03:45,10.15625,6.28,430,4.8413364,435
09/11/2000 04:00,10.16666667,6.275,433,4.8379716,434
09/11/2000 04:15,10.17708333,6.269,433,4.8346068,435
09/11/2000 04:30,10.1875,6.268,430,4.831242,432
09/11/2000 04:45,10.19791667,6.264,429,4.8278772,432
09/11/2000 05:00,10.20833333,6.26,428,4.827036,430
09/11/2000 05:15,10.21875,6.253,426,4.82283,433
09/11/2000 05:30,10.22916667,6.253,427,4.8177828,433
09/11/2000 05:45,10.23958333,6.247,426,4.8169416,430
09/11/2000 06:00,10.25,6.243,423,4.8135768,429
09/11/2000 06:15,10.26041667,6.241,423,4.810212,428
09/11/2000 06:30,10.27083333,6.237,424,4.8043236,426
09/11/2000 06:45,10.28125,6.236,421,4.8043236,427
09/11/2000 07:00,10.29166667,6.232,421,4.7992764,426
09/11/2000 07:15,10.30208333,6.227,418,4.7959116,423
09/11/2000 07:30,10.3125,6.222,419,4.7942292,423
09/11/2000 07:45,10.32291667,6.221,419,4.7908644,424
09/11/2000 08:00,10.33333333,6.212,418,4.7900232,421
09/11/2000 08:15,10.34375,6.212,417,4.7866584,421
09/11/2000 08:30,10.35416667,6.209,417,4.7824524,418
09/11/2000 08:45,10.36458333,6.202,416,4.7782464,419
09/11/2000 09:00,10.375,6.202,416,4.7774052,419
09/11/2000 09:15,10.38541667,6.197,412,4.7698344,418
09/11/2000 09:30,10.39583333,6.192,410,4.7698344,417
09/11/2000 09:45,10.40625,6.191,411,4.7673108,417
09/11/2000 10:00,10.41666667,6.187,410,4.7614224,416
09/11/2000 10:15,10.42708333,6.183,411,4.7614224,416
09/11/2000 10:30,10.4375,6.178,410,4.7572164,412
09/11/2000 10:45,10.44791667,6.176,407,4.7530104,410
09/11/2000 11:00,10.45833333,6.172,405,4.7521692,411
09/11/2000 11:15,10.46875,6.167,407,4.7488044,410
09/11/2000 11:30,10.47916667,6.165,406,4.7454396,411
09/11/2000 11:45,10.48958333,6.161,405,4.7412336,410
09/11/2000 12:00,10.5,6.152,404,4.7395512,407
09/11/2000 12:15,10.51041667,6.148,402,4.7361864,405
09/11/2000 12:30,10.52083333,6.147,402,4.7319804,407
09/11/2000 12:45,10.53125,6.139,402,4.730298,406
09/11/2000 13:00,10.54166667,6.138,400,4.7269332,405
09/11/2000 13:15,10.55208333,6.131,399,4.7193624,404
09/11/2000 13:30,10.5625,6.129,397,4.7159976,402
09/11/2000 13:45,10.57291667,6.124,398,4.7151564,402
09/11/2000 14:00,10.58333333,6.119,396,4.7084268,402
09/11/2000 14:15,10.59375,6.113,395,4.7075856,400
09/11/2000 14:30,10.60416667,6.105,398,4.7016972,399
09/11/2000 14:45,10.61458333,6.106,392,4.7000148,397
09/11/2000 15:00,10.625,6.101,393,4.6958088,398
09/11/2000 15:15,10.63541667,6.094,394,4.6916028,396
09/11/2000 15:30,10.64583333,6.092,397,4.6865556,395
09/11/2000 15:45,10.65625,6.086,393,4.679826,398
09/11/2000 16:00,10.66666667,6.085,391,4.6806672,392
09/11/2000 16:15,10.67708333,6.077,391,4.6764612,393
09/11/2000 16:30,10.6875,6.072,388,4.6705728,394
09/11/2000 16:45,10.69791667,6.066,389,4.6688904,397
09/11/2000 17:00,10.70833333,6.064,387,4.6638432,393
09/11/2000 17:15,10.71875,6.056,386,4.663002,391
09/11/2000 17:30,10.72916667,6.05,384,4.6562724,391
09/11/2000 17:45,10.73958333,6.045,384,4.6520664,388
09/11/2000 18:00,10.75,6.04,383,4.6470192,389
09/11/2000 18:15,10.76041667,6.036,381,4.6453368,387
09/11/2000 18:30,10.77083333,6.03,381,4.6386072,386
09/11/2000 18:45,10.78125,6.023,380,4.63356,384
09/11/2000 19:00,10.79166667,6.021,379,4.629354,384
09/11/2000 19:15,10.80208333,6.013,377,4.625148,383
09/11/2000 19:30,10.8125,6.01,377,4.6217832,381
09/11/2000 19:45,10.82291667,6,375,4.616736,381
09/11/2000 20:00,10.83333333,5.995,376,4.6108476,380
09/11/2000 20:15,10.84375,5.988,375,4.6091652,379
09/11/2000 20:30,10.85416667,5.982,374,4.6024356,377
09/11/2000 20:45,10.86458333,5.978,373,4.599912,377
09/11/2000 21:00,10.875,5.975,375,4.5915,375
09/11/2000 21:15,10.88541667,5.969,372,4.587294,376
09/11/2000 21:30,10.89583333,5.962,372,4.5814056,375
09/11/2000 21:45,10.90625,5.953,372,4.5763584,374
09/11/2000 22:00,10.91666667,5.956,370,4.5729936,373
09/11/2000 22:15,10.92708333,5.945,369,4.57047,375
09/11/2000 22:30,10.9375,5.941,370,4.5654228,372
09/11/2000 22:45,10.94791667,5.933,368,4.5595344,372
09/11/2000 23:00,10.95833333,5.927,367,4.5519636,372
09/11/2000 23:15,10.96875,5.919,366,4.5544872,370
09/11/2000 23:30,10.97916667,5.917,367,4.545234,369
09/11/2000 23:45,10.98958333,5.91,365,4.5418692,370
10/11/2000 00:00,11,5.9,365,4.5351396,368
10/11/2000 00:15,11.01041667,5.895,365,4.5300924,367
10/11/2000 00:30,11.02083333,5.891,363,4.5233628,366
10/11/2000 00:45,11.03125,5.885,362,4.5216804,367
10/11/2000 01:00,11.04166667,5.875,361,4.515792,365
10/11/2000 01:15,11.05208333,5.873,360,4.50738,365
10/11/2000 01:30,11.0625,5.864,360,4.503174,365
10/11/2000 01:45,11.07291667,5.857,360,4.4998092,363
10/11/2000 02:00,11.08333333,5.849,360,4.494762,362
10/11/2000 02:15,11.09375,5.842,359,4.48635,361
10/11/2000 02:30,11.10416667,5.836,358,4.4846676,360
10/11/2000 02:45,11.11458333,5.83,357,4.4770968,360
10/11/2000 03:00,11.125,5.824,356,4.4712084,360
10/11/2000 03:15,11.13541667,5.815,354,4.4644788,360
10/11/2000 03:30,11.14583333,5.811,354,4.4585904,359
10/11/2000 03:45,11.15625,5.803,354,4.4535432,358
10/11/2000 04:00,11.16666667,5.793,353,4.448496,357
10/11/2000 04:15,11.17708333,5.785,352,4.4434488,356
10/11/2000 04:30,11.1875,5.781,352,4.435878,354
10/11/2000 04:45,11.19791667,5.774,351,4.4325132,354
10/11/2000 05:00,11.20833333,5.766,348,4.4257836,354
10/11/2000 05:15,11.21875,5.762,346,4.4173716,353
10/11/2000 05:30,11.22916667,5.751,347,4.410642,352
10/11/2000 05:45,11.23958333,5.742,345,4.4072772,352
10/11/2000 06:00,11.25,5.736,345,4.4013888,351
10/11/2000 06:15,11.26041667,5.731,342,4.3946592,348
10/11/2000 06:30,11.27083333,5.721,343,4.3912944,346
10/11/2000 06:45,11.28125,5.714,342,4.3820412,347
10/11/2000 07:00,11.29166667,5.706,341,4.3744704,345
10/11/2000 07:15,11.30208333,5.7,339,4.3694232,345
10/11/2000 07:30,11.3125,5.692,339,4.3652172,342
10/11/2000 07:45,11.32291667,5.683,338,4.3568052,343
10/11/2000 08:00,11.33333333,5.676,336,4.3509168,342
10/11/2000 08:15,11.34375,5.67,335,4.3441872,341
10/11/2000 08:30,11.35416667,5.664,334,4.33914,339
10/11/2000 08:45,11.36458333,5.654,334,4.3324104,339
10/11/2000 09:00,11.375,5.644,334,4.3248396,338
10/11/2000 09:15,11.38541667,5.636,332,4.3189512,336
10/11/2000 09:30,11.39583333,5.631,331,4.313904,335
10/11/2000 09:45,11.40625,5.622,331,4.3088568,334
10/11/2000 10:00,11.41666667,5.618,330,4.3004448,334
10/11/2000 10:15,11.42708333,5.612,328,4.2920328,334
10/11/2000 10:30,11.4375,5.603,327,4.2853032,332
10/11/2000 10:45,11.44791667,5.593,326,4.2810972,331
10/11/2000 11:00,11.45833333,5.588,325,4.2735264,331
10/11/2000 11:15,11.46875,5.581,324,4.2701616,330
10/11/2000 11:30,11.47916667,5.573,325,4.2651144,328
10/11/2000 11:45,11.48958333,5.566,323,4.2575436,327
10/11/2000 12:00,11.5,5.558,322,4.2491316,326
10/11/2000 12:15,11.51041667,5.552,321,4.2449256,325
10/11/2000 12:30,11.52083333,5.543,321,4.2390372,324
10/11/2000 12:45,11.53125,5.536,320,4.2323076,325
10/11/2000 13:00,11.54166667,5.532,319,4.2264192,323
10/11/2000 13:15,11.55208333,5.524,319,4.2196896,322
10/11/2000 13:30,11.5625,5.516,318,4.2146424,321
10/11/2000 13:45,11.57291667,5.509,317,4.2070716,321
10/11/2000 14:00,11.58333333,5.503,317,4.2011832,320
10/11/2000 14:15,11.59375,5.491,316,4.1978184,319
10/11/2000 14:30,11.60416667,5.485,315,4.1910888,319
10/11/2000 14:45,11.61458333,5.481,314,4.1843592,318
10/11/2000 15:00,11.625,5.477,314,4.1784708,317
10/11/2000 15:15,11.63541667,5.467,313,4.1734236,317
10/11/2000 15:30,11.64583333,5.46,312,4.1633292,316
10/11/2000 15:45,11.65625,5.451,312,4.158282,315
10/11/2000 16:00,11.66666667,5.448,312,4.1549172,314
10/11/2000 16:15,11.67708333,5.437,311,4.1515524,314
10/11/2000 16:30,11.6875,5.429,310,4.1431404,313
10/11/2000 16:45,11.69791667,5.425,310,4.137252,312
10/11/2000 17:00,11.70833333,5.419,309,4.1296812,312
10/11/2000 17:15,11.71875,5.411,307,4.1271576,312
10/11/2000 17:30,11.72916667,5.406,306,4.1179044,311
10/11/2000 17:45,11.73958333,5.395,306,4.1111748,310
10/11/2000 18:00,11.75,5.39,305,4.10781,310
10/11/2000 18:15,11.76041667,5.384,305,4.1027628,309
10/11/2000 18:30,11.77083333,5.376,304,4.0960332,307
10/11/2000 18:45,11.78125,5.372,303,4.0918272,306
10/11/2000 19:00,11.79166667,5.366,302,4.082574,306
10/11/2000 19:15,11.80208333,5.357,302,4.078368,305
10/11/2000 19:30,11.8125,5.349,301,4.0733208,305
10/11/2000 19:45,11.82291667,5.343,300,4.0665912,304
10/11/2000 20:00,11.83333333,5.337,299,4.0632264,303
10/11/2000 20:15,11.84375,5.332,299,4.0581792,302
10/11/2000 20:30,11.85416667,5.327,299,4.0506084,302
10/11/2000 20:45,11.86458333,5.321,298,4.0438788,301
10/11/2000 21:00,11.875,5.313,296,4.0388316,300
10/11/2000 21:15,11.88541667,5.305,296,4.0337844,299
10/11/2000 21:30,11.89583333,5.295,296,4.0295784,299
10/11/2000 21:45,11.90625,5.29,295,4.0253724,299
10/11/2000 22:00,11.91666667,5.285,293,4.0203252,298
10/11/2000 22:15,11.92708333,5.278,292,4.0135956,296
10/11/2000 22:30,11.9375,5.276,292,4.006866,296
10/11/2000 22:45,11.94791667,5.269,292,3.998454,296
10/11/2000 23:00,11.95833333,5.262,292,3.994248,295
10/11/2000 23:15,11.96875,5.255,291,3.990042,293
10/11/2000 23:30,11.97916667,5.247,289,3.9841536,292
10/11/2000 23:45,11.98958333,5.243,288,3.9824712,292
11/11/2000 00:00,12,5.235,287,3.9765828,292
11/11/2000 00:15,12.01041667,5.231,286,3.9706944,292
11/11/2000 00:30,12.02083333,5.223,287,3.964806,291
11/11/2000 00:45,12.03125,5.22,287,3.9580764,289
11/11/2000 01:00,12.04166667,5.214,287,3.9547116,288
11/11/2000 01:15,12.05208333,5.208,286,3.947982,287
11/11/2000 01:30,12.0625,5.201,285,3.9446172,286
11/11/2000 01:45,12.07291667,5.197,283,3.9378876,287
11/11/2000 02:00,12.08333333,5.19,282,3.935364,287
11/11/2000 02:15,12.09375,5.185,282,3.9303168,287
11/11/2000 02:30,12.10416667,5.181,282,3.9252696,286
11/11/2000 02:45,12.11458333,5.177,282,3.9193812,285
11/11/2000 03:00,12.125,5.171,282,3.9160164,283
11/11/2000 03:15,12.13541667,5.163,280,3.910128,282
11/11/2000 03:30,12.14583333,5.156,280,3.905922,282
11/11/2000 03:45,12.15625,5.153,281,3.9025572,282
11/11/2000 04:00,12.16666667,5.146,281,3.8991924,282
11/11/2000 04:15,12.17708333,5.138,280,3.8941452,282
11/11/2000 04:30,12.1875,5.135,280,3.8874156,280
11/11/2000 04:45,12.19791667,5.131,280,3.8815272,280
11/11/2000 05:00,12.20833333,5.126,279,3.8790036,281
11/11/2000 05:15,12.21875,5.119,279,3.8731152,281
11/11/2000 05:30,12.22916667,5.113,279,3.8663856,280
11/11/2000 05:45,12.23958333,5.106,278,3.863862,280
11/11/2000 06:00,12.25,5.1,278,3.8604972,280
11/11/2000 06:15,12.26041667,5.097,277,3.8562912,279
11/11/2000 06:30,12.27083333,5.088,277,3.8504028,279
11/11/2000 06:45,12.28125,5.083,277,3.8453556,279
11/11/2000 07:00,12.29166667,5.081,276,3.8394672,278
11/11/2000 07:15,12.30208333,5.078,275,3.83442,278
11/11/2000 07:30,12.3125,5.071,275,3.8318964,277
11/11/2000 07:45,12.32291667,5.066,274,3.8243256,277
11/11/2000 08:00,12.33333333,5.059,275,3.8201196,277
11/11/2000 08:15,12.34375,5.055,274,3.8184372,276
11/11/2000 08:30,12.35416667,5.049,274,3.8159136,275
11/11/2000 08:45,12.36458333,5.043,272,3.8100252,275
11/11/2000 09:00,12.375,5.037,273,3.8058192,274
11/11/2000 09:15,12.38541667,5.032,273,3.7999308,275
11/11/2000 09:30,12.39583333,5.03,272,3.796566,274
11/11/2000 09:45,12.40625,5.025,272,3.7915188,274
11/11/2000 10:00,12.41666667,5.018,270,3.7864716,272
11/11/2000 10:15,12.42708333,5.01,270,3.7814244,273
11/11/2000 10:30,12.4375,5.009,270,3.7772184,273
11/11/2000 10:45,12.44791667,5.002,269,3.775536,272
11/11/2000 11:00,12.45833333,4.995,268,3.77133,272
11/11/2000 11:15,12.46875,4.991,269,3.7654416,270
11/11/2000 11:30,12.47916667,4.987,268,3.758712,270
11/11/2000 11:45,12.48958333,4.981,268,3.7578708,270
11/11/2000 12:00,12.5,4.977,268,3.7519824,269
11/11/2000 12:15,12.51041667,4.97,267,3.746094,268
11/11/2000 12:30,12.52083333,4.967,266,3.7427292,269
11/11/2000 12:45,12.53125,4.964,266,3.7393644,268
11/11/2000 13:00,12.54166667,4.959,264,3.7343172,268
11/11/2000 13:15,12.55208333,4.953,264,3.7309524,268
11/11/2000 13:30,12.5625,4.95,265,3.725064,267
11/11/2000 13:45,12.57291667,4.943,263,3.7225404,266
11/11/2000 14:00,12.58333333,4.937,263,3.7200168,266
11/11/2000 14:15,12.59375,4.931,263,3.7158108,264
11/11/2000 14:30,12.60416667,4.93,263,3.7107636,264
11/11/2000 14:45,12.61458333,4.927,263,3.70824,265
11/11/2000 15:00,12.625,4.921,262,3.7023516,263
11/11/2000 15:15,12.63541667,4.917,263,3.6973044,263
11/11/2000 15:30,12.64583333,4.911,262,3.6922572,263
11/11/2000 15:45,12.65625,4.906,261,3.691416,263
11/11/2000 16:00,12.66666667,4.901,261,3.6888924,263
11/11/2000 16:15,12.67708333,4.899,261,3.6838452,262
11/11/2000 16:30,12.6875,4.892,261,3.6804804,263
11/11/2000 16:45,12.69791667,4.888,260,3.6754332,262
11/11/2000 17:00,12.70833333,4.883,261,3.6712272,261
11/11/2000 17:15,12.71875,4.881,260,3.6670212,261
11/11/2000 17:30,12.72916667,4.879,260,3.6653388,261
11/11/2000 17:45,12.73958333,4.876,261,3.6594504,261
11/11/2000 18:00,12.75,4.871,261,3.6560856,260
11/11/2000 18:15,12.76041667,4.868,262,3.6518796,261
11/11/2000 18:30,12.77083333,4.864,262,3.6501972,260
11/11/2000 18:45,12.78125,4.861,261,3.6485148,260
11/11/2000 19:00,12.79166667,4.858,261,3.6459912,261
11/11/2000 19:15,12.80208333,4.855,261,3.6417852,261
11/11/2000 19:30,12.8125,4.852,261,3.6392616,262
11/11/2000 19:45,12.82291667,4.849,260,3.6358968,262
11/11/2000 20:00,12.83333333,4.847,260,3.6333732,261
11/11/2000 20:15,12.84375,4.843,260,3.6308496,261
11/11/2000 20:30,12.85416667,4.84,259,3.628326,261
11/11/2000 20:45,12.86458333,4.836,260,3.6258024,261
11/11/2000 21:00,12.875,4.833,260,3.6232788,260
11/11/2000 21:15,12.88541667,4.833,259,3.6215964,260
11/11/2000 21:30,12.89583333,4.829,260,3.6182316,260
11/11/2000 21:45,12.90625,4.827,259,3.615708,259
11/11/2000 22:00,12.91666667,4.824,259,3.6123432,260
11/11/2000 22:15,12.92708333,4.822,258,3.6098196,260
11/11/2000 22:30,12.9375,4.818,258,3.6098196,259
11/11/2000 22:45,12.94791667,4.815,258,3.6064548,260
11/11/2000 23:00,12.95833333,4.812,257,3.6047724,259
11/11/2000 23:15,12.96875,4.808,257,3.6022488,259
11/11/2000 23:30,12.97916667,4.805,257,3.6005664,258
11/11/2000 23:45,12.98958333,4.798,257,3.5972016,258
12/11/2000 00:00,13,4.798,257,3.594678,258
12/11/2000 00:15,13.01041667,4.794,256,3.5921544,257
12/11/2000 00:30,13.02083333,4.788,255,3.5887896,257
12/11/2000 00:45,13.03125,4.786,256,3.586266,257
12/11/2000 01:00,13.04166667,4.782,255,3.5803776,257
12/11/2000 01:15,13.05208333,4.779,254,3.5803776,257
12/11/2000 01:30,13.0625,4.776,254,3.5770128,256
12/11/2000 01:45,13.07291667,4.773,254,3.5719656,255
12/11/2000 02:00,13.08333333,4.769,254,3.5702832,256
12/11/2000 02:15,13.09375,4.766,254,3.5669184,255
12/11/2000 02:30,13.10416667,4.761,253,3.5643948,254
12/11/2000 02:45,13.11458333,4.756,253,3.5618712,254
12/11/2000 03:00,13.125,4.753,252,3.5593476,254
12/11/2000 03:15,13.13541667,4.747,252,3.5559828,254
12/11/2000 03:30,13.14583333,4.745,251,3.5534592,254
12/11/2000 03:45,13.15625,4.74,250,3.5492532,253
12/11/2000 04:00,13.16666667,4.735,251,3.5450472,253
12/11/2000 04:15,13.17708333,4.73,250,3.5425236,252
12/11/2000 04:30,13.1875,4.729,250,3.5374764,252
12/11/2000 04:45,13.19791667,4.725,250,3.535794,251
12/11/2000 05:00,13.20833333,4.721,249,3.531588,250
12/11/2000 05:15,13.21875,4.714,249,3.527382,251
12/11/2000 05:30,13.22916667,4.711,248,3.523176,250
12/11/2000 05:45,13.23958333,4.707,248,3.5223348,250
12/11/2000 06:00,13.25,4.701,247,3.51897,250
12/11/2000 06:15,13.26041667,4.694,247,3.5156052,249
12/11/2000 06:30,13.27083333,4.685,247,3.5097168,249
12/11/2000 06:45,13.28125,4.683,246,3.5071932,248
12/11/2000 07:00,13.29166667,4.679,246,3.5038284,248
12/11/2000 07:15,13.30208333,4.675,246,3.4987812,247
12/11/2000 07:30,13.3125,4.666,245,3.4928928,247
12/11/2000 07:45,13.32291667,4.661,245,3.485322,247
12/11/2000 08:00,13.33333333,4.656,244,3.4836396,246
12/11/2000 08:15,13.34375,4.651,243,3.4802748,246
12/11/2000 08:30,13.35416667,4.643,243,3.47691,246
12/11/2000 08:45,13.36458333,4.637,243,3.4693392,245
12/11/2000 09:00,13.375,4.633,242,3.4651332,245
12/11/2000 09:15,13.38541667,4.627,242,3.4609272,244
12/11/2000 09:30,13.39583333,4.624,241,3.4567212,243
12/11/2000 09:45,13.40625,4.62,241,3.4499916,243
12/11/2000 10:00,13.41666667,4.613,240,3.4449444,243
12/11/2000 10:15,13.42708333,4.609,239,3.4415796,242
12/11/2000 10:30,13.4375,4.6,239,3.4365324,242
12/11/2000 10:45,13.44791667,4.593,238,3.4340088,241
12/11/2000 11:00,13.45833333,4.587,238,3.430644,241
12/11/2000 11:15,13.46875,4.581,238,3.4247556,240
12/11/2000 11:30,13.47916667,4.578,237,3.4213908,239
12/11/2000 11:45,13.48958333,4.576,236,3.41382,239
12/11/2000 12:00,13.5,4.572,236,3.4079316,238
12/11/2000 12:15,13.51041667,4.563,235,3.4028844,238
12/11/2000 12:30,13.52083333,4.556,235,3.3978372,238
12/11/2000 12:45,13.53125,4.549,234,3.3953136,237
12/11/2000 13:00,13.54166667,4.543,234,3.3936312,236
12/11/2000 13:15,13.55208333,4.537,234,3.3902664,236
12/11/2000 13:30,13.5625,4.535,232,3.3826956,235
12/11/2000 13:45,13.57291667,4.531,232,3.3768072,235
12/11/2000 14:00,13.58333333,4.527,232,3.3709188,234
12/11/2000 14:15,13.59375,4.521,231,3.3658716,234
12/11/2000 14:30,13.60416667,4.517,230,3.3608244,234
12/11/2000 14:45,13.61458333,4.509,230,3.359142,232
12/11/2000 15:00,13.625,4.503,230,3.3557772,232
12/11/2000 15:15,13.63541667,4.498,230,3.3524124,232
12/11/2000 15:30,13.64583333,4.492,229,3.3473652,231
12/11/2000 15:45,13.65625,4.485,229,3.3440004,230
12/11/2000 16:00,13.66666667,4.481,229,3.3372708,230
12/11/2000 16:15,13.67708333,4.477,228,3.3322236,230
12/11/2000 16:30,13.6875,4.472,228,3.3280176,230
12/11/2000 16:45,13.69791667,4.465,228,3.3229704,229
12/11/2000 17:00,13.70833333,4.459,227,3.317082,229
12/11/2000 17:15,13.71875,4.451,227,3.3137172,229
12/11/2000 17:30,13.72916667,4.446,227,3.3103524,228
12/11/2000 17:45,13.73958333,4.44,226,3.3061464,228
12/11/2000 18:00,13.75,4.434,226,3.300258,228
12/11/2000 18:15,13.76041667,4.429,226,3.2952108,227
12/11/2000 18:30,13.77083333,4.427,226,3.2884812,227
12/11/2000 18:45,13.78125,4.421,226,3.2842752,227
12/11/2000 19:00,13.79166667,4.416,225,3.279228,226
12/11/2000 19:15,13.80208333,4.411,225,3.2741808,226
12/11/2000 19:30,13.8125,4.407,225,3.2699748,226
12/11/2000 19:45,13.82291667,4.4,224,3.2682924,226
12/11/2000 20:00,13.83333333,4.394,224,3.2632452,226
12/11/2000 20:15,13.84375,4.392,224,3.2590392,225
12/11/2000 20:30,13.85416667,4.386,224,3.2548332,225
12/11/2000 20:45,13.86458333,4.382,223,3.2514684,225
12/11/2000 21:00,13.875,4.378,224,3.24558,224
12/11/2000 21:15,13.88541667,4.375,224,3.2405328,224
12/11/2000 21:30,13.89583333,4.373,224,3.2388504,224
12/11/2000 21:45,13.90625,4.371,223,3.2338032,224
12/11/2000 22:00,13.91666667,4.364,223,3.2304384,223
12/11/2000 22:15,13.92708333,4.361,223,3.2270736,224
12/11/2000 22:30,13.9375,4.36,224,3.22455,224
12/11/2000 22:45,13.94791667,4.359,223,3.2228676,224
12/11/2000 23:00,13.95833333,4.359,223,3.2211852,223
12/11/2000 23:15,13.96875,4.356,224,3.2152968,223
12/11/2000 23:30,13.97916667,4.355,224,3.2127732,223
12/11/2000 23:45,13.98958333,4.354,224,3.211932,224
13/11/2000 00:00,14,4.356,224,3.2110908,223
